%Similitud,M_sp_03_1002_,M_sp_16_1015_,M_sp_22_1021,M_sp_23_1022_,M_sp_36_1035,M_sp_06_1005_,M_sp_08_1007_,M_sp_13_1012_,M_sp_26_1025___reversed_,M_sp_35_1034,M_sp_33_1032___reversed_,M_sp_24_1023_,M_sp_34_1033_,M_sp_05_1004_,M_sp_29_1028___reversed_,M_sp_27_1026_,Macrobrachium_brasiliense_MN149321,Macrobrachium_brasiliense_MN149325,Macrobrachium_brasiliense_MN149323,Macrobrachium_brasiliense_MN149322,Macrobrachium_brasiliense_MN149324,Macrobrachium_brasiliense_MN149328,Macrobrachium_brasiliense_MN149343,Macrobrachium_brasiliense_MN149326,Macrobrachium_brasiliense_MN149327,Macrobrachium_brasiliense_MN149333,Macrobrachium_brasiliense_MN149334,Macrobrachium_brasiliense_MN149339,Macrobrachium_brasiliense_MN149332,Macrobrachium_brasiliense_MN149336,Macrobrachium_brasiliense_MN149337,Macrobrachium_brasiliense_MN149335,Macrobrachium_brasiliense_MN149338,M_sp_28_1027_,M_sp_09_1008,M_sp_11_1010_,M_sp_32_1031_,M_sp_20_1019_,M_sp_21_1020_,M_sp_25_1024_,Macrobrachium_veredensis_MN149329,Macrobrachium_veredensis_MN149330,Macrobrachium_veredensis_MN149340,Macrobrachium_veredensis_MN149341,Macrobrachium_veredensis_MN149331,Macrobrachium_veredensis_MN149342,Macrobrachium_borellii_HM352426,Macrobrachium_amazonicum_HM352441
M_sp_03_1002_,,99.655,99.741,99.741,99.741,99.741,98.965,99.827,99.655,99.569,99.655,99.655,99.655,99.569,99.741,99.052,88.928,88.928,89.017,89.327,89.283,89.194,89.105,89.548,89.637,89.371,95.229,94.831,94.632,94.632,94.632,95.03,95.485,97.672,97.498,88.879,88.793,91.631,91.207,89.646,86.005,85.917,85.917,86.005,86.094,85.474,63.201,59.154
M_sp_16_1015_,99.655,,99.914,99.914,99.914,99.914,98.966,99.828,99.828,99.914,99.828,99.828,99.828,99.914,99.914,99.224,89.017,89.017,89.105,89.415,89.371,89.283,89.194,89.637,89.725,89.46,95.229,94.831,94.632,94.632,94.632,95.03,95.485,98.016,97.5,89.052,88.966,91.552,91.379,89.655,86.182,86.094,86.094,86.182,86.271,85.651,63.293,59.246
M_sp_22_1021,99.741,99.914,,100,100,100,99.052,99.914,99.914,99.828,99.914,99.914,99.914,99.828,100,99.31,89.105,89.105,89.194,89.504,89.46,89.371,89.283,89.725,89.814,89.548,95.229,94.831,94.632,94.632,94.632,95.03,95.485,97.931,97.586,89.138,89.052,91.638,91.466,89.741,86.271,86.182,86.182,86.271,86.36,85.74,63.293,59.246
M_sp_23_1022_,99.741,99.914,100,,100,100,99.052,99.914,99.914,99.828,99.914,99.914,99.914,99.828,100,99.31,89.105,89.105,89.194,89.504,89.46,89.371,89.283,89.725,89.814,89.548,95.229,94.831,94.632,94.632,94.632,95.03,95.485,97.931,97.586,89.138,89.052,91.638,91.466,89.741,86.271,86.182,86.182,86.271,86.36,85.74,63.293,59.246
M_sp_36_1035,99.741,99.914,100,100,,100,99.052,99.914,99.914,99.828,99.914,99.914,99.914,99.828,100,99.31,89.105,89.105,89.194,89.504,89.46,89.371,89.283,89.725,89.814,89.548,95.229,94.831,94.632,94.632,94.632,95.03,95.485,97.931,97.586,89.138,89.052,91.638,91.466,89.741,86.271,86.182,86.182,86.271,86.36,85.74,63.293,59.246
M_sp_06_1005_,99.741,99.914,100,100,100,,99.052,99.914,99.914,99.828,99.914,99.914,99.914,99.828,100,99.31,89.105,89.105,89.194,89.504,89.46,89.371,89.283,89.725,89.814,89.548,95.229,94.831,94.632,94.632,94.632,95.03,95.485,97.931,97.586,89.138,89.052,91.638,91.466,89.741,86.271,86.182,86.182,86.271,86.36,85.74,63.293,59.246
M_sp_08_1007_,98.965,98.966,99.052,99.052,99.052,99.052,,99.137,98.966,98.879,98.966,98.966,98.966,98.879,99.052,98.362,89.194,89.194,89.283,89.593,89.548,89.46,89.371,89.814,89.903,89.637,95.229,94.831,94.632,94.632,94.632,95.03,95.485,97.5,96.638,89.138,88.966,91.638,91.466,90.069,86.271,86.182,86.182,86.271,86.36,85.828,63.293,59.246
M_sp_13_1012_,99.827,99.828,99.914,99.914,99.914,99.914,99.137,,99.828,99.741,99.828,99.828,99.828,99.741,99.914,99.224,89.017,89.017,89.105,89.415,89.371,89.283,89.194,89.637,89.725,89.46,95.229,94.831,94.632,94.632,94.632,95.03,95.485,97.845,97.5,89.052,88.966,91.552,91.379,89.819,86.182,86.094,86.094,86.182,86.271,85.651,63.293,59.246
M_sp_26_1025___reversed_,99.655,99.828,99.914,99.914,99.914,99.914,98.966,99.828,,99.741,99.828,99.828,99.828,99.741,99.914,99.224,89.017,89.017,89.105,89.415,89.371,89.283,89.194,89.637,89.725,89.46,95.229,94.831,94.632,94.632,94.632,95.03,95.485,97.845,97.5,89.052,88.966,91.552,91.379,89.655,86.182,86.094,86.094,86.182,86.271,85.651,63.293,59.246
M_sp_35_1034,99.569,99.914,99.828,99.828,99.828,99.828,98.879,99.741,99.741,,99.741,99.741,99.741,99.827,99.828,99.138,88.928,88.928,89.017,89.327,89.283,89.194,89.105,89.548,89.637,89.371,95.03,94.632,94.433,94.433,94.433,94.831,95.485,97.929,97.414,88.966,88.879,91.466,91.293,89.569,86.094,86.005,86.005,86.094,86.182,85.562,63.201,59.154
M_sp_33_1032___reversed_,99.655,99.828,99.914,99.914,99.914,99.914,98.966,99.828,99.828,99.741,,99.828,99.828,99.741,99.914,99.224,89.017,89.017,89.105,89.415,89.371,89.283,89.194,89.637,89.725,89.46,95.229,94.831,94.632,94.632,94.632,95.03,95.485,97.845,97.5,89.052,88.966,91.552,91.379,89.655,86.182,86.094,86.094,86.182,86.271,85.651,63.293,59.246
M_sp_24_1023_,99.655,99.828,99.914,99.914,99.914,99.914,98.966,99.828,99.828,99.741,99.828,,99.828,99.741,99.914,99.224,89.194,89.194,89.283,89.593,89.548,89.46,89.371,89.637,89.725,89.46,95.229,94.831,94.632,94.632,94.632,95.03,95.485,97.845,97.5,89.052,88.966,91.552,91.379,89.655,86.182,86.094,86.094,86.182,86.271,85.651,63.385,59.338
M_sp_34_1033_,99.655,99.828,99.914,99.914,99.914,99.914,98.966,99.828,99.828,99.741,99.828,99.828,,99.741,99.914,99.224,89.017,89.017,89.105,89.415,89.371,89.283,89.194,89.637,89.725,89.46,95.03,94.632,94.433,94.433,94.433,94.831,95.26,97.845,97.5,89.052,88.966,91.552,91.379,89.655,86.182,86.094,86.094,86.182,86.271,85.651,63.201,59.154
M_sp_05_1004_,99.569,99.914,99.828,99.828,99.828,99.828,98.879,99.741,99.741,99.827,99.741,99.741,99.741,,99.828,99.138,88.928,88.928,89.017,89.327,89.283,89.194,89.105,89.548,89.637,89.371,95.03,94.632,94.433,94.433,94.433,94.831,95.26,97.929,97.414,88.966,88.879,91.466,91.293,89.569,86.094,86.005,86.005,86.094,86.182,85.562,63.201,59.154
M_sp_29_1028___reversed_,99.741,99.914,100,100,100,100,99.052,99.914,99.914,99.828,99.914,99.914,99.914,99.828,,99.31,89.105,89.105,89.194,89.504,89.46,89.371,89.283,89.725,89.814,89.548,95.229,94.831,94.632,94.632,94.632,95.03,95.485,97.931,97.586,89.138,89.052,91.638,91.466,89.741,86.271,86.182,86.182,86.271,86.36,85.74,63.293,59.246
M_sp_27_1026_,99.052,99.224,99.31,99.31,99.31,99.31,98.362,99.224,99.224,99.138,99.224,99.224,99.224,99.138,99.31,,89.105,89.105,89.194,89.415,89.46,89.371,89.283,89.725,89.814,89.548,95.229,94.831,94.632,94.632,94.632,95.03,95.485,98.19,97.759,89.052,88.966,91.81,91.552,89.655,86.625,86.537,86.537,86.625,86.714,86.094,63.661,59.43
Macrobrachium_brasiliense_MN149321,88.928,89.017,89.105,89.105,89.105,89.105,89.194,89.017,89.017,88.928,89.017,89.194,89.017,88.928,89.105,89.105,,99.815,99.354,98.662,98.247,98.155,98.063,98.155,98.247,98.247,98.807,98.41,98.608,98.608,98.608,96.421,97.968,89.371,88.663,84.411,84.322,87.145,86.968,85.106,89.483,89.299,89.391,89.299,89.299,88.838,60.626,58.05
Macrobrachium_brasiliense_MN149325,88.928,89.017,89.105,89.105,89.105,89.105,89.194,89.017,89.017,88.928,89.017,89.194,89.017,88.928,89.105,89.105,99.815,,99.539,98.478,98.247,97.97,97.878,98.155,98.063,98.063,98.807,98.41,98.608,98.608,98.608,96.421,97.968,89.371,88.663,84.588,84.5,87.323,87.145,85.284,89.483,89.299,89.391,89.483,89.483,89.022,60.626,58.05
Macrobrachium_brasiliense_MN149323,89.017,89.105,89.194,89.194,89.194,89.194,89.283,89.105,89.105,89.017,89.105,89.283,89.105,89.017,89.194,89.194,99.354,99.539,,98.57,98.339,97.878,97.786,98.063,98.155,97.97,98.608,98.211,98.41,98.41,98.41,96.62,98.194,89.46,88.751,84.677,84.588,87.234,87.145,85.284,89.576,89.391,89.483,89.576,89.576,89.114,60.718,58.142
Macrobrachium_brasiliense_MN149322,89.327,89.415,89.504,89.504,89.504,89.504,89.593,89.415,89.415,89.327,89.415,89.593,89.415,89.327,89.504,89.415,98.662,98.478,98.57,,98.939,98.662,98.57,98.478,98.57,98.57,98.907,98.509,98.31,98.31,98.31,96.521,98.081,89.858,88.973,84.455,84.367,87.278,87.101,85.328,89.345,89.345,89.437,89.345,89.345,89.068,60.396,57.728
Macrobrachium_brasiliense_MN149324,89.283,89.371,89.46,89.46,89.46,89.46,89.548,89.371,89.371,89.283,89.371,89.548,89.371,89.283,89.46,89.46,98.247,98.247,98.339,98.939,,99.354,99.262,98.893,98.801,98.893,99.602,99.602,99.006,99.006,99.006,97.217,98.871,89.725,89.371,84.5,84.411,87.5,87.145,85.55,89.483,89.299,89.391,89.483,89.483,89.207,60.994,57.958
Macrobrachium_brasiliense_MN149328,89.194,89.283,89.371,89.371,89.371,89.371,89.46,89.283,89.283,89.194,89.283,89.46,89.283,89.194,89.371,89.371,98.155,97.97,97.878,98.662,99.354,,99.723,98.432,98.524,98.616,99.404,99.404,98.807,98.807,98.807,97.018,98.646,89.637,89.283,84.411,84.322,87.411,87.057,85.461,89.391,89.207,89.299,89.207,89.207,88.93,60.81,57.958
Macrobrachium_brasiliense_MN149343,89.105,89.194,89.283,89.283,89.283,89.283,89.371,89.194,89.194,89.105,89.194,89.371,89.194,89.105,89.283,89.283,98.063,97.878,97.786,98.57,99.262,99.723,,98.339,98.432,98.524,99.205,99.205,98.608,98.608,98.608,96.819,98.42,89.548,89.194,84.322,84.234,87.323,86.968,85.372,89.299,89.114,89.207,89.114,89.114,88.838,60.718,57.866
Macrobrachium_brasiliense_MN149326,89.548,89.637,89.725,89.725,89.725,89.725,89.814,89.637,89.637,89.548,89.637,89.637,89.637,89.548,89.725,89.725,98.155,98.155,98.063,98.478,98.893,98.432,98.339,,99.723,99.631,99.602,99.205,99.006,99.006,99.006,96.819,98.194,89.991,89.371,84.765,84.677,87.677,87.411,85.461,89.391,89.207,89.299,89.391,89.391,89.114,60.994,57.774
Macrobrachium_brasiliense_MN149327,89.637,89.725,89.814,89.814,89.814,89.814,89.903,89.725,89.725,89.637,89.725,89.725,89.725,89.637,89.814,89.814,98.247,98.063,98.155,98.57,98.801,98.524,98.432,99.723,,99.539,99.205,98.807,98.608,98.608,98.608,97.217,98.646,90.08,89.46,84.588,84.5,87.677,87.234,85.55,89.483,89.299,89.391,89.299,89.299,89.022,61.178,57.958
Macrobrachium_brasiliense_MN149333,89.371,89.46,89.548,89.548,89.548,89.548,89.637,89.46,89.46,89.371,89.46,89.46,89.46,89.371,89.548,89.548,98.247,98.063,97.97,98.57,98.893,98.616,98.524,99.631,99.539,,99.801,99.404,99.602,99.602,99.602,97.416,98.646,89.814,89.283,84.854,84.765,87.766,87.5,85.55,89.668,89.483,89.576,89.483,89.483,89.207,60.994,57.774
Macrobrachium_brasiliense_MN149334,95.229,95.229,95.229,95.229,95.229,95.229,95.229,95.229,95.229,95.03,95.229,95.229,95.03,95.03,95.229,95.229,98.807,98.807,98.608,98.907,99.602,99.404,99.205,99.602,99.205,99.801,,99.602,99.404,99.404,99.404,97.217,98.646,95.427,94.831,90.656,90.855,92.048,91.65,90.258,91.451,91.451,91.451,91.451,91.65,90.457,92.048,87.674
Macrobrachium_brasiliense_MN149339,94.831,94.831,94.831,94.831,94.831,94.831,94.831,94.831,94.831,94.632,94.831,94.831,94.632,94.632,94.831,94.831,98.41,98.41,98.211,98.509,99.602,99.404,99.205,99.205,98.807,99.404,99.602,,99.006,99.006,99.006,96.819,98.42,95.03,94.831,90.656,90.855,92.048,91.65,90.258,91.451,91.451,91.451,91.451,91.65,90.457,92.048,87.674
Macrobrachium_brasiliense_MN149332,94.632,94.632,94.632,94.632,94.632,94.632,94.632,94.632,94.632,94.433,94.632,94.632,94.433,94.433,94.632,94.632,98.608,98.608,98.41,98.31,99.006,98.807,98.608,99.006,98.608,99.602,99.404,99.006,,100,100,97.018,98.194,94.831,94.235,90.457,90.656,91.849,91.451,90.06,91.252,91.252,91.252,91.252,91.451,90.258,91.451,87.078
Macrobrachium_brasiliense_MN149336,94.632,94.632,94.632,94.632,94.632,94.632,94.632,94.632,94.632,94.433,94.632,94.632,94.433,94.433,94.632,94.632,98.608,98.608,98.41,98.31,99.006,98.807,98.608,99.006,98.608,99.602,99.404,99.006,100,,100,97.018,98.194,94.831,94.235,90.457,90.656,91.849,91.451,90.06,91.252,91.252,91.252,91.252,91.451,90.258,91.451,87.078
Macrobrachium_brasiliense_MN149337,94.632,94.632,94.632,94.632,94.632,94.632,94.632,94.632,94.632,94.433,94.632,94.632,94.433,94.433,94.632,94.632,98.608,98.608,98.41,98.31,99.006,98.807,98.608,99.006,98.608,99.602,99.404,99.006,100,100,,97.018,98.194,94.831,94.235,90.457,90.656,91.849,91.451,90.06,91.252,91.252,91.252,91.252,91.451,90.258,91.451,87.078
Macrobrachium_brasiliense_MN149335,95.03,95.03,95.03,95.03,95.03,95.03,95.03,95.03,95.03,94.831,95.03,95.03,94.831,94.831,95.03,95.03,96.421,96.421,96.62,96.521,97.217,97.018,96.819,96.819,97.217,97.416,97.217,96.819,97.018,97.018,97.018,,98.871,95.825,95.229,89.861,90.06,91.65,91.054,90.656,91.849,91.849,91.849,91.849,92.048,91.054,91.849,87.475
Macrobrachium_brasiliense_MN149338,95.485,95.485,95.485,95.485,95.485,95.485,95.485,95.485,95.485,95.485,95.485,95.485,95.26,95.26,95.485,95.485,97.968,97.968,98.194,98.081,98.871,98.646,98.42,98.194,98.646,98.646,98.646,98.42,98.194,98.194,98.194,98.871,,96.388,96.614,90.519,90.745,92.325,91.648,90.971,92.551,92.551,92.551,92.551,92.551,91.648,92.551,88.488
M_sp_28_1027_,97.672,98.016,97.931,97.931,97.931,97.931,97.5,97.845,97.845,97.929,97.845,97.845,97.845,97.929,97.931,98.19,89.371,89.371,89.46,89.858,89.725,89.637,89.548,89.991,90.08,89.814,95.427,95.03,94.831,94.831,94.831,95.825,96.388,,98.103,89.655,89.31,92.069,92.241,90.431,87.511,87.422,87.422,87.511,87.6,86.98,64.397,60.35
M_sp_09_1008,97.498,97.5,97.586,97.586,97.586,97.586,96.638,97.5,97.5,97.414,97.5,97.5,97.5,97.414,97.586,97.759,88.663,88.663,88.751,88.973,89.371,89.283,89.194,89.371,89.46,89.283,94.831,94.831,94.235,94.235,94.235,95.229,96.614,98.103,,89.646,89.56,92.573,92.321,90.595,87.6,87.511,87.511,87.6,87.688,87.068,64.949,60.718
M_sp_11_1010_,88.879,89.052,89.138,89.138,89.138,89.138,89.138,89.052,89.052,88.966,89.052,89.052,89.052,88.966,89.138,89.052,84.411,84.588,84.677,84.455,84.5,84.411,84.322,84.765,84.588,84.854,90.656,90.656,90.457,90.457,90.457,89.861,90.519,89.655,89.646,,96.549,92.235,92.494,93.701,87.865,87.688,87.688,87.777,87.688,87.334,62.19,58.786
M_sp_32_1031_,88.793,88.966,89.052,89.052,89.052,89.052,88.966,88.966,88.966,88.879,88.966,88.966,88.966,88.879,89.052,88.966,84.322,84.5,84.588,84.367,84.411,84.322,84.234,84.677,84.5,84.765,90.855,90.855,90.656,90.656,90.656,90.06,90.745,89.31,89.56,96.549,,93.011,92.752,95.6,87.511,87.334,87.334,87.422,87.334,86.802,62.282,58.786
M_sp_20_1019_,91.631,91.552,91.638,91.638,91.638,91.638,91.638,91.552,91.552,91.466,91.552,91.552,91.552,91.466,91.638,91.81,87.145,87.323,87.234,87.278,87.5,87.411,87.323,87.677,87.677,87.766,92.048,92.048,91.849,91.849,91.849,91.65,92.325,92.069,92.573,92.235,93.011,,96.802,93.61,88.209,88.209,88.032,88.121,88.032,87.677,62.925,59.246
M_sp_21_1020_,91.207,91.379,91.466,91.466,91.466,91.466,91.466,91.379,91.379,91.293,91.379,91.379,91.379,91.293,91.466,91.552,86.968,87.145,87.145,87.101,87.145,87.057,86.968,87.411,87.234,87.5,91.65,91.65,91.451,91.451,91.451,91.054,91.648,92.241,92.321,92.494,92.752,96.802,,94.728,88.209,88.032,88.032,88.121,88.032,87.323,62.557,59.154
M_sp_25_1024_,89.646,89.655,89.741,89.741,89.741,89.741,90.069,89.819,89.655,89.569,89.655,89.655,89.655,89.569,89.741,89.655,85.106,85.284,85.284,85.328,85.55,85.461,85.372,85.461,85.55,85.55,90.258,90.258,90.06,90.06,90.06,90.656,90.971,90.431,90.595,93.701,95.6,93.61,94.728,,87.677,87.5,87.5,87.589,87.5,86.791,62.557,58.878
Macrobrachium_veredensis_MN149329,86.005,86.182,86.271,86.271,86.271,86.271,86.271,86.182,86.182,86.094,86.182,86.182,86.182,86.094,86.271,86.625,89.483,89.483,89.576,89.345,89.483,89.391,89.299,89.391,89.483,89.668,91.451,91.451,91.252,91.252,91.252,91.849,92.551,87.511,87.6,87.865,87.511,88.209,88.209,87.677,,99.631,99.815,99.723,99.446,98.523,61.914,59.116
Macrobrachium_veredensis_MN149330,85.917,86.094,86.182,86.182,86.182,86.182,86.182,86.094,86.094,86.005,86.094,86.094,86.094,86.005,86.182,86.537,89.299,89.299,89.391,89.345,89.299,89.207,89.114,89.207,89.299,89.483,91.451,91.451,91.252,91.252,91.252,91.849,92.551,87.422,87.511,87.688,87.334,88.209,88.032,87.5,99.631,,99.815,99.723,99.631,98.707,62.006,59.208
Macrobrachium_veredensis_MN149340,85.917,86.094,86.182,86.182,86.182,86.182,86.182,86.094,86.094,86.005,86.094,86.094,86.094,86.005,86.182,86.537,89.391,89.391,89.483,89.437,89.391,89.299,89.207,89.299,89.391,89.576,91.451,91.451,91.252,91.252,91.252,91.849,92.551,87.422,87.511,87.688,87.334,88.032,88.032,87.5,99.815,99.815,,99.908,99.631,98.707,61.822,59.024
Macrobrachium_veredensis_MN149341,86.005,86.182,86.271,86.271,86.271,86.271,86.271,86.182,86.182,86.094,86.182,86.182,86.182,86.094,86.271,86.625,89.299,89.483,89.576,89.345,89.483,89.207,89.114,89.391,89.299,89.483,91.451,91.451,91.252,91.252,91.252,91.849,92.551,87.511,87.6,87.777,87.422,88.121,88.121,87.589,99.723,99.723,99.908,,99.723,98.8,61.822,59.024
Macrobrachium_veredensis_MN149331,86.094,86.271,86.36,86.36,86.36,86.36,86.36,86.271,86.271,86.182,86.271,86.271,86.271,86.182,86.36,86.714,89.299,89.483,89.576,89.345,89.483,89.207,89.114,89.391,89.299,89.483,91.65,91.65,91.451,91.451,91.451,92.048,92.551,87.6,87.688,87.688,87.334,88.032,88.032,87.5,99.446,99.631,99.631,99.723,,98.707,62.006,59.024
Macrobrachium_veredensis_MN149342,85.474,85.651,85.74,85.74,85.74,85.74,85.828,85.651,85.651,85.562,85.651,85.651,85.651,85.562,85.74,86.094,88.838,89.022,89.114,89.068,89.207,88.93,88.838,89.114,89.022,89.207,90.457,90.457,90.258,90.258,90.258,91.054,91.648,86.98,87.068,87.334,86.802,87.677,87.323,86.791,98.523,98.707,98.707,98.8,98.707,,61.362,58.379
Macrobrachium_borellii_HM352426,63.201,63.293,63.293,63.293,63.293,63.293,63.293,63.293,63.293,63.201,63.293,63.385,63.201,63.201,63.293,63.661,60.626,60.626,60.718,60.396,60.994,60.81,60.718,60.994,61.178,60.994,92.048,92.048,91.451,91.451,91.451,91.849,92.551,64.397,64.949,62.19,62.282,62.925,62.557,62.557,61.914,62.006,61.822,61.822,62.006,61.362,,87.16
Macrobrachium_amazonicum_HM352441,59.154,59.246,59.246,59.246,59.246,59.246,59.246,59.246,59.246,59.154,59.246,59.338,59.154,59.154,59.246,59.43,58.05,58.05,58.142,57.728,57.958,57.958,57.866,57.774,57.958,57.774,87.674,87.674,87.078,87.078,87.078,87.475,88.488,60.35,60.718,58.786,58.786,59.246,59.154,58.878,59.116,59.208,59.024,59.024,59.024,58.379,87.16,
,,,,,,,,,,,,,,,,,,,,,,,,,,,,,,,,,,,,,,,,,,,,,,,,
,,,,,,,,,,,,,,,,,,,,,,,,,,,,,,,,,,,,,,,,,,,,,,,,
Distancia genética,M_sp_03_1002,M_sp_16_1015,M_sp_22_1021,M_sp_23_1022,M_sp_36_1035,M_sp_06_1005,M_sp_08_1007,M_sp_13_1012,M_sp_26_1025,M_sp_35_1034,M_sp_33_1032,M_sp_24_1023,M_sp_34_1033,M_sp_05_1004,M_sp_29_1028,M_sp_27_1026,Macrobrachium_brasiliense_MN149321,Macrobrachium_brasiliense_MN149325,Macrobrachium_brasiliense_MN149323,Macrobrachium_brasiliense_MN149322,Macrobrachium_brasiliense_MN149324,Macrobrachium_brasiliense_MN149328,Macrobrachium_brasiliense_MN149343,Macrobrachium_brasiliense_MN149326,Macrobrachium_brasiliense_MN149327,Macrobrachium_brasiliense_MN149333,Macrobrachium_brasiliense_MN149334,Macrobrachium_brasiliense_MN149339,Macrobrachium_brasiliense_MN149332,Macrobrachium_brasiliense_MN149336,Macrobrachium_brasiliense_MN149337,Macrobrachium_brasiliense_MN149335,Macrobrachium_brasiliense_MN149338,M_sp_28_1027,M_sp_09_1008,M_sp_11_1010,M_sp_32_1031,M_sp_20_1019,M_sp_21_1020,M_sp_25_1024,Macrobrachium_veredensis_MN149329,Macrobrachium_veredensis_MN149330,Macrobrachium_veredensis_MN149340,Macrobrachium_veredensis_MN149341,Macrobrachium_veredensis_MN149331,Macrobrachium_veredensis_MN149342,Macrobrachium_borellii_HM352426,Macrobrachium_amazonicum_HM352441
M_sp_03_1002,,0.345,0.259,0.259,0.259,0.259,1.035,0.173,0.345,0.431,0.345,0.345,0.345,0.431,0.259,0.948,11.072,11.072,10.983,10.673,10.717,10.806,10.895,10.452,10.363,10.629,4.771,5.169,5.368,5.368,5.368,4.97,4.515,2.328,2.502,11.121,11.207,8.369,8.793,10.354,13.995,14.083,14.083,13.995,13.906,14.526,36.799,40.846
M_sp_16_1015,0.345,,0.086,0.086,0.086,0.086,1.034,0.172,0.172,0.086,0.172,0.172,0.172,0.086,0.086,0.776,10.983,10.983,10.895,10.585,10.629,10.717,10.806,10.363,10.275,10.54,4.771,5.169,5.368,5.368,5.368,4.97,4.515,1.984,2.5,10.948,11.034,8.448,8.621,10.345,13.818,13.906,13.906,13.818,13.729,14.349,36.707,40.754
M_sp_22_1021,0.259,0.086,,0,0,0,0.948,0.086,0.086,0.172,0.086,0.086,0.086,0.172,0,0.69,10.895,10.895,10.806,10.496,10.54,10.629,10.717,10.275,10.186,10.452,4.771,5.169,5.368,5.368,5.368,4.97,4.515,2.069,2.414,10.862,10.948,8.362,8.534,10.259,13.729,13.818,13.818,13.729,13.64,14.26,36.707,40.754
M_sp_23_1022,0.259,0.086,0,,0,0,0.948,0.086,0.086,0.172,0.086,0.086,0.086,0.172,0,0.69,10.895,10.895,10.806,10.496,10.54,10.629,10.717,10.275,10.186,10.452,4.771,5.169,5.368,5.368,5.368,4.97,4.515,2.069,2.414,10.862,10.948,8.362,8.534,10.259,13.729,13.818,13.818,13.729,13.64,14.26,36.707,40.754
M_sp_36_1035,0.259,0.086,0,0,,0,0.948,0.086,0.086,0.172,0.086,0.086,0.086,0.172,0,0.69,10.895,10.895,10.806,10.496,10.54,10.629,10.717,10.275,10.186,10.452,4.771,5.169,5.368,5.368,5.368,4.97,4.515,2.069,2.414,10.862,10.948,8.362,8.534,10.259,13.729,13.818,13.818,13.729,13.64,14.26,36.707,40.754
M_sp_06_1005,0.259,0.086,0,0,0,,0.948,0.086,0.086,0.172,0.086,0.086,0.086,0.172,0,0.69,10.895,10.895,10.806,10.496,10.54,10.629,10.717,10.275,10.186,10.452,4.771,5.169,5.368,5.368,5.368,4.97,4.515,2.069,2.414,10.862,10.948,8.362,8.534,10.259,13.729,13.818,13.818,13.729,13.64,14.26,36.707,40.754
M_sp_08_1007,1.035,1.034,0.948,0.948,0.948,0.948,,0.863,1.034,1.121,1.034,1.034,1.034,1.121,0.948,1.638,10.806,10.806,10.717,10.407,10.452,10.54,10.629,10.186,10.097,10.363,4.771,5.169,5.368,5.368,5.368,4.97,4.515,2.5,3.362,10.862,11.034,8.362,8.534,9.931,13.729,13.818,13.818,13.729,13.64,14.172,36.707,40.754
M_sp_13_1012,0.173,0.172,0.086,0.086,0.086,0.086,0.863,,0.172,0.259,0.172,0.172,0.172,0.259,0.086,0.776,10.983,10.983,10.895,10.585,10.629,10.717,10.806,10.363,10.275,10.54,4.771,5.169,5.368,5.368,5.368,4.97,4.515,2.155,2.5,10.948,11.034,8.448,8.621,10.181,13.818,13.906,13.906,13.818,13.729,14.349,36.707,40.754
M_sp_26_1025,0.345,0.172,0.086,0.086,0.086,0.086,1.034,0.172,,0.259,0.172,0.172,0.172,0.259,0.086,0.776,10.983,10.983,10.895,10.585,10.629,10.717,10.806,10.363,10.275,10.54,4.771,5.169,5.368,5.368,5.368,4.97,4.515,2.155,2.5,10.948,11.034,8.448,8.621,10.345,13.818,13.906,13.906,13.818,13.729,14.349,36.707,40.754
M_sp_35_1034,0.431,0.086,0.172,0.172,0.172,0.172,1.121,0.259,0.259,,0.259,0.259,0.259,0.173,0.172,0.862,11.072,11.072,10.983,10.673,10.717,10.806,10.895,10.452,10.363,10.629,4.97,5.368,5.567,5.567,5.567,5.169,4.515,2.071,2.586,11.034,11.121,8.534,8.707,10.431,13.906,13.995,13.995,13.906,13.818,14.438,36.799,40.846
M_sp_33_1032,0.345,0.172,0.086,0.086,0.086,0.086,1.034,0.172,0.172,0.259,,0.172,0.172,0.259,0.086,0.776,10.983,10.983,10.895,10.585,10.629,10.717,10.806,10.363,10.275,10.54,4.771,5.169,5.368,5.368,5.368,4.97,4.515,2.155,2.5,10.948,11.034,8.448,8.621,10.345,13.818,13.906,13.906,13.818,13.729,14.349,36.707,40.754
M_sp_24_1023,0.345,0.172,0.086,0.086,0.086,0.086,1.034,0.172,0.172,0.259,0.172,,0.172,0.259,0.086,0.776,10.806,10.806,10.717,10.407,10.452,10.54,10.629,10.363,10.275,10.54,4.771,5.169,5.368,5.368,5.368,4.97,4.515,2.155,2.5,10.948,11.034,8.448,8.621,10.345,13.818,13.906,13.906,13.818,13.729,14.349,36.615,40.662
M_sp_34_1033,0.345,0.172,0.086,0.086,0.086,0.086,1.034,0.172,0.172,0.259,0.172,0.172,,0.259,0.086,0.776,10.983,10.983,10.895,10.585,10.629,10.717,10.806,10.363,10.275,10.54,4.97,5.368,5.567,5.567,5.567,5.169,4.74,2.155,2.5,10.948,11.034,8.448,8.621,10.345,13.818,13.906,13.906,13.818,13.729,14.349,36.799,40.846
M_sp_05_1004,0.431,0.086,0.172,0.172,0.172,0.172,1.121,0.259,0.259,0.173,0.259,0.259,0.259,,0.172,0.862,11.072,11.072,10.983,10.673,10.717,10.806,10.895,10.452,10.363,10.629,4.97,5.368,5.567,5.567,5.567,5.169,4.74,2.071,2.586,11.034,11.121,8.534,8.707,10.431,13.906,13.995,13.995,13.906,13.818,14.438,36.799,40.846
M_sp_29_1028,0.259,0.086,0,0,0,0,0.948,0.086,0.086,0.172,0.086,0.086,0.086,0.172,,0.69,10.895,10.895,10.806,10.496,10.54,10.629,10.717,10.275,10.186,10.452,4.771,5.169,5.368,5.368,5.368,4.97,4.515,2.069,2.414,10.862,10.948,8.362,8.534,10.259,13.729,13.818,13.818,13.729,13.64,14.26,36.707,40.754
M_sp_27_1026,0.948,0.776,0.69,0.69,0.69,0.69,1.638,0.776,0.776,0.862,0.776,0.776,0.776,0.862,0.69,,10.895,10.895,10.806,10.585,10.54,10.629,10.717,10.275,10.186,10.452,4.771,5.169,5.368,5.368,5.368,4.97,4.515,1.81,2.241,10.948,11.034,8.19,8.448,10.345,13.375,13.463,13.463,13.375,13.286,13.906,36.339,40.57
Macrobrachium_brasiliense_MN149321,11.072,10.983,10.895,10.895,10.895,10.895,10.806,10.983,10.983,11.072,10.983,10.806,10.983,11.072,10.895,10.895,,0.185,0.646,1.338,1.753,1.845,1.937,1.845,1.753,1.753,1.193,1.59,1.392,1.392,1.392,3.579,2.032,10.629,11.337,15.589,15.678,12.855,13.032,14.894,10.517,10.701,10.609,10.701,10.701,11.162,39.374,41.95
Macrobrachium_brasiliense_MN149325,11.072,10.983,10.895,10.895,10.895,10.895,10.806,10.983,10.983,11.072,10.983,10.806,10.983,11.072,10.895,10.895,0.185,,0.461,1.522,1.753,2.03,2.122,1.845,1.937,1.937,1.193,1.59,1.392,1.392,1.392,3.579,2.032,10.629,11.337,15.412,15.5,12.677,12.855,14.716,10.517,10.701,10.609,10.517,10.517,10.978,39.374,41.95
Macrobrachium_brasiliense_MN149323,10.983,10.895,10.806,10.806,10.806,10.806,10.717,10.895,10.895,10.983,10.895,10.717,10.895,10.983,10.806,10.806,0.646,0.461,,1.43,1.661,2.122,2.214,1.937,1.845,2.03,1.392,1.789,1.59,1.59,1.59,3.38,1.806,10.54,11.249,15.323,15.412,12.766,12.855,14.716,10.424,10.609,10.517,10.424,10.424,10.886,39.282,41.858
Macrobrachium_brasiliense_MN149322,10.673,10.585,10.496,10.496,10.496,10.496,10.407,10.585,10.585,10.673,10.585,10.407,10.585,10.673,10.496,10.585,1.338,1.522,1.43,,1.061,1.338,1.43,1.522,1.43,1.43,1.093,1.491,1.69,1.69,1.69,3.479,1.919,10.142,11.027,15.545,15.633,12.722,12.899,14.672,10.655,10.655,10.563,10.655,10.655,10.932,39.604,42.272
Macrobrachium_brasiliense_MN149324,10.717,10.629,10.54,10.54,10.54,10.54,10.452,10.629,10.629,10.717,10.629,10.452,10.629,10.717,10.54,10.54,1.753,1.753,1.661,1.061,,0.646,0.738,1.107,1.199,1.107,0.398,0.398,0.994,0.994,0.994,2.783,1.129,10.275,10.629,15.5,15.589,12.5,12.855,14.45,10.517,10.701,10.609,10.517,10.517,10.793,39.006,42.042
Macrobrachium_brasiliense_MN149328,10.806,10.717,10.629,10.629,10.629,10.629,10.54,10.717,10.717,10.806,10.717,10.54,10.717,10.806,10.629,10.629,1.845,2.03,2.122,1.338,0.646,,0.277,1.568,1.476,1.384,0.596,0.596,1.193,1.193,1.193,2.982,1.354,10.363,10.717,15.589,15.678,12.589,12.943,14.539,10.609,10.793,10.701,10.793,10.793,11.07,39.19,42.042
Macrobrachium_brasiliense_MN149343,10.895,10.806,10.717,10.717,10.717,10.717,10.629,10.806,10.806,10.895,10.806,10.629,10.806,10.895,10.717,10.717,1.937,2.122,2.214,1.43,0.738,0.277,,1.661,1.568,1.476,0.795,0.795,1.392,1.392,1.392,3.181,1.58,10.452,10.806,15.678,15.766,12.677,13.032,14.628,10.701,10.886,10.793,10.886,10.886,11.162,39.282,42.134
Macrobrachium_brasiliense_MN149326,10.452,10.363,10.275,10.275,10.275,10.275,10.186,10.363,10.363,10.452,10.363,10.363,10.363,10.452,10.275,10.275,1.845,1.845,1.937,1.522,1.107,1.568,1.661,,0.277,0.369,0.398,0.795,0.994,0.994,0.994,3.181,1.806,10.009,10.629,15.235,15.323,12.323,12.589,14.539,10.609,10.793,10.701,10.609,10.609,10.886,39.006,42.226
Macrobrachium_brasiliense_MN149327,10.363,10.275,10.186,10.186,10.186,10.186,10.097,10.275,10.275,10.363,10.275,10.275,10.275,10.363,10.186,10.186,1.753,1.937,1.845,1.43,1.199,1.476,1.568,0.277,,0.461,0.795,1.193,1.392,1.392,1.392,2.783,1.354,9.92,10.54,15.412,15.5,12.323,12.766,14.45,10.517,10.701,10.609,10.701,10.701,10.978,38.822,42.042
Macrobrachium_brasiliense_MN149333,10.629,10.54,10.452,10.452,10.452,10.452,10.363,10.54,10.54,10.629,10.54,10.54,10.54,10.629,10.452,10.452,1.753,1.937,2.03,1.43,1.107,1.384,1.476,0.369,0.461,,0.199,0.596,0.398,0.398,0.398,2.584,1.354,10.186,10.717,15.146,15.235,12.234,12.5,14.45,10.332,10.517,10.424,10.517,10.517,10.793,39.006,42.226
Macrobrachium_brasiliense_MN149334,4.771,4.771,4.771,4.771,4.771,4.771,4.771,4.771,4.771,4.97,4.771,4.771,4.97,4.97,4.771,4.771,1.193,1.193,1.392,1.093,0.398,0.596,0.795,0.398,0.795,0.199,,0.398,0.596,0.596,0.596,2.783,1.354,4.573,5.169,9.344,9.145,7.952,8.35,9.742,8.549,8.549,8.549,8.549,8.35,9.543,7.952,12.326
Macrobrachium_brasiliense_MN149339,5.169,5.169,5.169,5.169,5.169,5.169,5.169,5.169,5.169,5.368,5.169,5.169,5.368,5.368,5.169,5.169,1.59,1.59,1.789,1.491,0.398,0.596,0.795,0.795,1.193,0.596,0.398,,0.994,0.994,0.994,3.181,1.58,4.97,5.169,9.344,9.145,7.952,8.35,9.742,8.549,8.549,8.549,8.549,8.35,9.543,7.952,12.326
Macrobrachium_brasiliense_MN149332,5.368,5.368,5.368,5.368,5.368,5.368,5.368,5.368,5.368,5.567,5.368,5.368,5.567,5.567,5.368,5.368,1.392,1.392,1.59,1.69,0.994,1.193,1.392,0.994,1.392,0.398,0.596,0.994,,0,0,2.982,1.806,5.169,5.765,9.543,9.344,8.151,8.549,9.94,8.748,8.748,8.748,8.748,8.549,9.742,8.549,12.922
Macrobrachium_brasiliense_MN149336,5.368,5.368,5.368,5.368,5.368,5.368,5.368,5.368,5.368,5.567,5.368,5.368,5.567,5.567,5.368,5.368,1.392,1.392,1.59,1.69,0.994,1.193,1.392,0.994,1.392,0.398,0.596,0.994,0,,0,2.982,1.806,5.169,5.765,9.543,9.344,8.151,8.549,9.94,8.748,8.748,8.748,8.748,8.549,9.742,8.549,12.922
Macrobrachium_brasiliense_MN149337,5.368,5.368,5.368,5.368,5.368,5.368,5.368,5.368,5.368,5.567,5.368,5.368,5.567,5.567,5.368,5.368,1.392,1.392,1.59,1.69,0.994,1.193,1.392,0.994,1.392,0.398,0.596,0.994,0,0,,2.982,1.806,5.169,5.765,9.543,9.344,8.151,8.549,9.94,8.748,8.748,8.748,8.748,8.549,9.742,8.549,12.922
Macrobrachium_brasiliense_MN149335,4.97,4.97,4.97,4.97,4.97,4.97,4.97,4.97,4.97,5.169,4.97,4.97,5.169,5.169,4.97,4.97,3.579,3.579,3.38,3.479,2.783,2.982,3.181,3.181,2.783,2.584,2.783,3.181,2.982,2.982,2.982,,1.129,4.175,4.771,10.139,9.94,8.35,8.946,9.344,8.151,8.151,8.151,8.151,7.952,8.946,8.151,12.525
Macrobrachium_brasiliense_MN149338,4.515,4.515,4.515,4.515,4.515,4.515,4.515,4.515,4.515,4.515,4.515,4.515,4.74,4.74,4.515,4.515,2.032,2.032,1.806,1.919,1.129,1.354,1.58,1.806,1.354,1.354,1.354,1.58,1.806,1.806,1.806,1.129,,3.612,3.386,9.481,9.255,7.675,8.352,9.029,7.449,7.449,7.449,7.449,7.449,8.352,7.449,11.512
M_sp_28_1027,2.328,1.984,2.069,2.069,2.069,2.069,2.5,2.155,2.155,2.071,2.155,2.155,2.155,2.071,2.069,1.81,10.629,10.629,10.54,10.142,10.275,10.363,10.452,10.009,9.92,10.186,4.573,4.97,5.169,5.169,5.169,4.175,3.612,,1.897,10.345,10.69,7.931,7.759,9.569,12.489,12.578,12.578,12.489,12.4,13.02,35.603,39.65
M_sp_09_1008,2.502,2.5,2.414,2.414,2.414,2.414,3.362,2.5,2.5,2.586,2.5,2.5,2.5,2.586,2.414,2.241,11.337,11.337,11.249,11.027,10.629,10.717,10.806,10.629,10.54,10.717,5.169,5.169,5.765,5.765,5.765,4.771,3.386,1.897,,10.354,10.44,7.427,7.679,9.405,12.4,12.489,12.489,12.4,12.312,12.932,35.051,39.282
M_sp_11_1010,11.121,10.948,10.862,10.862,10.862,10.862,10.862,10.948,10.948,11.034,10.948,10.948,10.948,11.034,10.862,10.948,15.589,15.412,15.323,15.545,15.5,15.589,15.678,15.235,15.412,15.146,9.344,9.344,9.543,9.543,9.543,10.139,9.481,10.345,10.354,,3.451,7.765,7.506,6.299,12.135,12.312,12.312,12.223,12.312,12.666,37.81,41.214
M_sp_32_1031,11.207,11.034,10.948,10.948,10.948,10.948,11.034,11.034,11.034,11.121,11.034,11.034,11.034,11.121,10.948,11.034,15.678,15.5,15.412,15.633,15.589,15.678,15.766,15.323,15.5,15.235,9.145,9.145,9.344,9.344,9.344,9.94,9.255,10.69,10.44,3.451,,6.989,7.248,4.4,12.489,12.666,12.666,12.578,12.666,13.198,37.718,41.214
M_sp_20_1019,8.369,8.448,8.362,8.362,8.362,8.362,8.362,8.448,8.448,8.534,8.448,8.448,8.448,8.534,8.362,8.19,12.855,12.677,12.766,12.722,12.5,12.589,12.677,12.323,12.323,12.234,7.952,7.952,8.151,8.151,8.151,8.35,7.675,7.931,7.427,7.765,6.989,,3.198,6.39,11.791,11.791,11.968,11.879,11.968,12.323,37.075,40.754
M_sp_21_1020,8.793,8.621,8.534,8.534,8.534,8.534,8.534,8.621,8.621,8.707,8.621,8.621,8.621,8.707,8.534,8.448,13.032,12.855,12.855,12.899,12.855,12.943,13.032,12.589,12.766,12.5,8.35,8.35,8.549,8.549,8.549,8.946,8.352,7.759,7.679,7.506,7.248,3.198,,5.272,11.791,11.968,11.968,11.879,11.968,12.677,37.443,40.846
M_sp_25_1024,10.354,10.345,10.259,10.259,10.259,10.259,9.931,10.181,10.345,10.431,10.345,10.345,10.345,10.431,10.259,10.345,14.894,14.716,14.716,14.672,14.45,14.539,14.628,14.539,14.45,14.45,9.742,9.742,9.94,9.94,9.94,9.344,9.029,9.569,9.405,6.299,4.4,6.39,5.272,,12.323,12.5,12.5,12.411,12.5,13.209,37.443,41.122
Macrobrachium_veredensis_MN149329,13.995,13.818,13.729,13.729,13.729,13.729,13.729,13.818,13.818,13.906,13.818,13.818,13.818,13.906,13.729,13.375,10.517,10.517,10.424,10.655,10.517,10.609,10.701,10.609,10.517,10.332,8.549,8.549,8.748,8.748,8.748,8.151,7.449,12.489,12.4,12.135,12.489,11.791,11.791,12.323,,0.369,0.185,0.277,0.554,1.477,38.086,40.884
Macrobrachium_veredensis_MN149330,14.083,13.906,13.818,13.818,13.818,13.818,13.818,13.906,13.906,13.995,13.906,13.906,13.906,13.995,13.818,13.463,10.701,10.701,10.609,10.655,10.701,10.793,10.886,10.793,10.701,10.517,8.549,8.549,8.748,8.748,8.748,8.151,7.449,12.578,12.489,12.312,12.666,11.791,11.968,12.5,0.369,,0.185,0.277,0.369,1.293,37.994,40.792
Macrobrachium_veredensis_MN149340,14.083,13.906,13.818,13.818,13.818,13.818,13.818,13.906,13.906,13.995,13.906,13.906,13.906,13.995,13.818,13.463,10.609,10.609,10.517,10.563,10.609,10.701,10.793,10.701,10.609,10.424,8.549,8.549,8.748,8.748,8.748,8.151,7.449,12.578,12.489,12.312,12.666,11.968,11.968,12.5,0.185,0.185,,0.092,0.369,1.293,38.178,40.976
Macrobrachium_veredensis_MN149341,13.995,13.818,13.729,13.729,13.729,13.729,13.729,13.818,13.818,13.906,13.818,13.818,13.818,13.906,13.729,13.375,10.701,10.517,10.424,10.655,10.517,10.793,10.886,10.609,10.701,10.517,8.549,8.549,8.748,8.748,8.748,8.151,7.449,12.489,12.4,12.223,12.578,11.879,11.879,12.411,0.277,0.277,0.092,,0.277,1.2,38.178,40.976
Macrobrachium_veredensis_MN149331,13.906,13.729,13.64,13.64,13.64,13.64,13.64,13.729,13.729,13.818,13.729,13.729,13.729,13.818,13.64,13.286,10.701,10.517,10.424,10.655,10.517,10.793,10.886,10.609,10.701,10.517,8.35,8.35,8.549,8.549,8.549,7.952,7.449,12.4,12.312,12.312,12.666,11.968,11.968,12.5,0.554,0.369,0.369,0.277,,1.293,37.994,40.976
Macrobrachium_veredensis_MN149342,14.526,14.349,14.26,14.26,14.26,14.26,14.172,14.349,14.349,14.438,14.349,14.349,14.349,14.438,14.26,13.906,11.162,10.978,10.886,10.932,10.793,11.07,11.162,10.886,10.978,10.793,9.543,9.543,9.742,9.742,9.742,8.946,8.352,13.02,12.932,12.666,13.198,12.323,12.677,13.209,1.477,1.293,1.293,1.2,1.293,,38.638,41.621
Macrobrachium_borellii_HM352426,36.799,36.707,36.707,36.707,36.707,36.707,36.707,36.707,36.707,36.799,36.707,36.615,36.799,36.799,36.707,36.339,39.374,39.374,39.282,39.604,39.006,39.19,39.282,39.006,38.822,39.006,7.952,7.952,8.549,8.549,8.549,8.151,7.449,35.603,35.051,37.81,37.718,37.075,37.443,37.443,38.086,37.994,38.178,38.178,37.994,38.638,,12.84
Macrobrachium_amazonicum_HM352441,40.846,40.754,40.754,40.754,40.754,40.754,40.754,40.754,40.754,40.846,40.754,40.662,40.846,40.846,40.754,40.57,41.95,41.95,41.858,42.272,42.042,42.042,42.134,42.226,42.042,42.226,12.326,12.326,12.922,12.922,12.922,12.525,11.512,39.65,39.282,41.214,41.214,40.754,40.846,41.122,40.884,40.792,40.976,40.976,40.976,41.621,12.84,
