,Macrobrachium_amazonicum_HM352486,Macrobrachium_borellii_HM352480,M_veredensis_CCDB0535_MN148913,M_veredensis_CCDB0535_MN148908,M_veredensis_CCDB0535_MN148906,M_veredensis_CCDB0465_MN148915,M_veredensis_CCDB0465_MN148914,M_veredensis_CCDB0535_MN148907,M_sp_36_1035,M_sp_35_1034,M_sp_14_1013_,M_sp_16_1015_,M_sp_34_1033,M_sp_33_1032_,M_sp_23_1022,M_sp_29_1028_,M_sp_06_1005_,M_sp_24_1023_,M_sp_22_1021_,M_sp_27_1026,M_sp_13_1012_,M_sp_26_1025_,M_sp_09_1008,M_sp_03_1002,M_sp_28_1027_,M_sp_10_1009,M_sp_17_1016,M_sp_08_1007,M_brasiliense_CCDB_2135_KP054314,M_brasiliense_CCDB6074_MN148912,M_brasiliense_CCDB5023_MN148904,M_brasiliense_CCDB5023_MN148903,M_brasiliense_CCDB4814_MN148911,M_brasiliense_CCDB4814_MN148909,M_brasiliense_CCDB2298_MN148902,M_brasiliense_CCDB2298_MN148901,M_brasiliense_CCDB2298_MN148900,M_sp_30_1029,M_sp_21_1020_,M_sp_20_1019_,M_sp_19_1018,M_sp_25_1024,M_sp_05_1004_,M_sp_07_1006,M_sp_32_1031_,M_sp_31_1030,M_sp_12_1011,M_sp_11_1010_,M_sp_04_1003_
Macrobrachium_amazonicum_HM352486,,87.262,33.391,33.219,33.219,33.563,33.391,32.874,54.331,54.293,55.193,54.331,54.247,31.355,54.377,31.307,55.761,54.415,54.331,54.5,31.307,31.307,55.64,54.293,55.425,55.761,55.239,56.061,31.842,32.014,31.842,31.842,32.014,32.014,32.874,32.874,32.874,55.677,54.836,54.545,52.778,31.202,86.857,86.667,85.433,85.433,85.827,85.827,86.22
Macrobrachium_borellii_HM352480,87.262,,35.8,35.628,35.628,35.972,35.8,35.628,57.939,57.904,59.425,57.939,57.855,35.008,57.988,34.954,59.375,58.024,57.939,58.277,34.954,34.954,59.425,57.904,59.037,59.544,59.306,59.679,33.046,33.563,33.735,33.391,34.251,34.251,33.907,33.907,33.907,58.868,57.77,57.735,56.081,34.551,90.769,90.577,89.066,89.066,89.662,89.662,90.06
M_veredensis_CCDB0535_MN148913,33.391,35.8,,99.656,99.484,99.484,99.139,98.967,88.296,88.124,88.124,88.124,88.296,88.124,88.296,88.296,88.296,88.124,88.296,88.296,88.124,88.124,88.124,87.78,88.64,89.157,88.985,88.296,87.348,87.263,87.608,87.435,87.435,87.608,87.78,87.78,87.435,89.673,90.361,89.845,90.878,90.189,0,0,0,0,0,0,0
M_veredensis_CCDB0535_MN148908,33.219,35.628,99.656,,99.828,99.484,99.484,99.312,88.296,88.124,88.124,88.124,88.296,88.124,88.296,88.296,88.296,88.124,88.296,88.296,88.124,88.124,88.124,87.78,88.64,89.157,88.985,88.296,87.522,87.435,87.78,87.608,87.608,87.78,87.952,87.952,87.608,89.673,90.361,89.845,90.878,90.189,0,0,0,0,0,0,0
M_veredensis_CCDB0535_MN148906,33.219,35.628,99.484,99.828,,99.656,99.656,99.139,88.124,87.952,87.952,87.952,88.124,87.952,88.124,88.124,88.124,87.952,88.124,88.124,87.952,87.952,87.952,87.608,88.468,88.985,88.812,88.124,87.348,87.608,87.608,87.78,87.78,87.608,87.78,87.78,87.78,89.501,90.189,89.673,90.706,90.017,0,0,0,0,0,0,0
M_veredensis_CCDB0465_MN148915,33.563,35.972,99.484,99.484,99.656,,99.312,99.139,88.124,87.952,87.952,87.952,88.124,87.952,88.124,88.124,88.124,87.952,88.124,88.124,87.952,87.952,87.952,87.608,88.468,88.985,88.812,88.124,87.175,87.435,87.435,87.608,87.608,87.435,87.608,87.608,87.608,89.501,90.189,90.017,90.706,90.017,0,0,0,0,0,0,0
M_veredensis_CCDB0465_MN148914,33.391,35.8,99.139,99.484,99.656,99.312,,98.795,88.296,88.124,88.124,88.124,88.296,88.124,88.296,88.296,88.296,88.124,88.296,88.296,88.124,88.124,88.124,87.78,88.64,89.157,88.985,88.296,87.522,87.78,87.78,87.608,87.952,87.78,87.952,87.952,87.952,89.845,90.534,90.017,91.05,90.361,0,0,0,0,0,0,0
M_veredensis_CCDB0535_MN148907,32.874,35.628,98.967,99.312,99.139,99.139,98.795,,88.124,87.952,87.952,87.952,88.124,87.952,88.124,88.124,88.124,87.952,88.124,88.124,87.952,87.952,87.952,87.608,88.468,88.985,88.812,88.296,87.868,87.78,88.124,87.952,87.952,88.124,87.952,87.952,87.608,89.673,90.017,89.845,90.534,89.845,0,0,0,0,0,0,0
M_sp_36_1035,54.331,57.939,88.296,88.296,88.124,88.124,88.296,88.124,,99.828,97.854,99.914,99.914,99.848,100,100,98.563,99.914,100,99.314,99.848,99.848,97.682,99.742,97.856,96.655,96.824,97.549,91.566,91.394,91.394,91.394,91.738,91.91,90.878,90.878,90.878,91.124,91.852,91.674,89.108,88.906,96.571,96.381,91.339,91.339,91.142,91.142,91.339
M_sp_35_1034,54.293,57.904,88.124,88.124,87.952,87.952,88.124,87.952,99.828,,97.852,99.914,99.742,99.696,99.828,99.848,98.393,99.742,99.828,99.142,99.696,99.696,97.511,99.571,97.852,96.649,96.821,97.544,91.394,91.222,91.222,91.222,91.566,91.738,90.706,90.706,90.706,91.109,91.674,91.502,88.927,88.737,96.381,96.19,91.142,91.142,90.945,90.945,91.142
M_sp_14_1013_,55.193,59.425,88.124,88.124,87.952,87.952,88.124,87.952,97.854,97.852,,97.938,97.768,99.696,97.854,99.848,96.447,97.768,97.854,98.026,99.696,99.696,98.884,97.597,98.625,98.28,98.291,95.597,91.394,91.222,91.222,91.222,91.566,91.738,90.706,90.706,90.706,91.787,92.79,92.446,90.472,88.737,92,91.81,92.717,92.717,92.52,92.52,92.913
M_sp_16_1015_,54.331,57.939,88.124,88.124,87.952,87.952,88.124,87.952,99.914,99.914,97.938,,99.828,99.696,99.914,99.848,98.478,99.828,99.914,99.228,99.696,99.696,97.597,99.657,97.94,96.738,96.907,97.631,91.394,91.222,91.222,91.222,91.566,91.738,90.706,90.706,90.706,91.201,91.767,91.588,89.022,88.754,96.571,96.381,91.339,91.339,91.142,91.142,91.339
M_sp_34_1033,54.247,57.855,88.296,88.296,88.124,88.124,88.296,88.124,99.914,99.742,97.768,99.828,,99.848,99.914,100,98.478,99.828,99.914,99.228,99.848,99.848,97.597,99.657,97.77,96.569,96.738,97.464,91.566,91.394,91.394,91.394,91.738,91.91,90.878,90.878,90.878,91.04,91.767,91.588,89.022,88.906,96.381,96.19,91.142,91.142,90.945,90.945,91.142
M_sp_33_1032_,31.355,35.008,88.124,88.124,87.952,87.952,88.124,87.952,99.848,99.696,99.696,99.696,99.848,,99.848,99.848,99.848,99.696,99.848,99.848,99.696,99.696,99.696,99.391,99.087,97.869,97.869,98.021,91.394,91.222,91.222,91.222,91.566,91.738,90.706,90.706,90.706,93.151,91.324,91.172,91.629,88.737,0,0,0,0,0,0,0
M_sp_23_1022,54.377,57.988,88.296,88.296,88.124,88.124,88.296,88.124,100,99.828,97.854,99.914,99.914,99.848,,100,98.562,99.914,100,99.313,99.848,99.848,97.682,99.742,97.854,96.652,96.824,97.547,91.566,91.394,91.394,91.394,91.738,91.91,90.878,90.878,90.878,91.117,91.845,91.674,89.099,88.889,96.571,96.381,91.339,91.339,91.142,91.142,91.339
M_sp_29_1028_,31.307,34.954,88.296,88.296,88.124,88.124,88.296,88.124,100,99.848,99.848,99.848,100,99.848,100,,100,99.848,100,100,99.848,99.848,99.848,99.543,99.24,98.024,98.021,98.176,91.566,91.394,91.394,91.394,91.738,91.91,90.878,90.878,90.878,93.313,91.489,91.324,91.793,88.906,0,0,0,0,0,0,0
M_sp_06_1005_,55.761,59.375,88.296,88.296,88.124,88.124,88.296,88.124,98.563,98.393,96.447,98.478,98.478,99.848,98.562,100,,98.478,98.563,97.887,99.848,99.848,96.277,98.308,96.45,95.266,95.431,98.986,91.566,91.394,91.394,91.394,91.738,91.91,90.878,90.878,90.878,92.561,90.533,90.355,87.828,88.906,99.81,99.619,91.339,91.339,91.142,91.142,91.339
M_sp_24_1023_,54.415,58.024,88.124,88.124,87.952,87.952,88.124,87.952,99.914,99.742,97.768,99.828,99.828,99.696,99.914,99.848,98.478,,99.914,99.228,99.696,99.696,97.597,99.657,97.77,96.569,96.738,97.464,91.738,91.566,91.566,91.566,91.566,91.738,91.05,91.05,91.05,91.04,91.767,91.588,89.022,88.754,96.571,96.381,91.339,91.339,91.142,91.142,91.339
M_sp_22_1021_,54.331,57.939,88.296,88.296,88.124,88.124,88.296,88.124,100,99.828,97.854,99.914,99.914,99.848,100,100,98.563,99.914,,99.314,99.848,99.848,97.682,99.742,97.856,96.655,96.824,97.549,91.566,91.394,91.394,91.394,91.738,91.91,90.878,90.878,90.878,91.124,91.852,91.674,89.108,88.906,96.571,96.381,91.339,91.339,91.142,91.142,91.339
M_sp_27_1026,54.5,58.277,88.296,88.296,88.124,88.124,88.296,88.124,99.314,99.142,98.026,99.228,99.228,99.848,99.313,100,97.887,99.228,99.314,,99.848,99.848,97.854,99.056,98.113,96.827,96.824,96.872,91.566,91.394,91.394,91.394,91.738,91.91,90.878,90.878,90.878,91.04,91.938,91.845,89.194,88.906,95.048,94.857,91.142,91.142,90.945,90.945,91.142
M_sp_13_1012_,31.307,34.954,88.124,88.124,87.952,87.952,88.124,87.952,99.848,99.696,99.696,99.696,99.848,99.696,99.848,99.848,99.848,99.696,99.848,99.848,,99.696,99.696,99.695,99.088,97.872,97.869,98.024,91.394,91.222,91.222,91.222,91.566,91.738,90.706,90.706,90.706,93.161,91.337,91.172,91.641,89.041,0,0,0,0,0,0,0
M_sp_26_1025_,31.307,34.954,88.124,88.124,87.952,87.952,88.124,87.952,99.848,99.696,99.696,99.696,99.848,99.696,99.848,99.848,99.848,99.696,99.848,99.848,99.696,,99.696,99.391,99.088,97.872,97.869,98.024,91.394,91.222,91.222,91.222,91.566,91.738,90.706,90.706,90.706,93.161,91.337,91.172,91.641,88.754,0,0,0,0,0,0,0
M_sp_09_1008,55.64,59.425,88.124,88.124,87.952,87.952,88.124,87.952,97.682,97.511,98.884,97.597,97.597,99.696,97.682,99.848,96.277,97.597,97.682,97.854,99.696,99.696,,97.595,98.197,98.026,97.682,95.262,91.394,91.222,91.222,91.222,91.566,91.738,90.706,90.706,90.706,91.864,92.955,92.691,90.386,88.737,91.619,91.429,92.899,92.899,92.702,92.702,93.097
M_sp_03_1002,54.293,57.904,87.78,87.78,87.608,87.608,87.78,87.608,99.742,99.571,97.597,99.657,99.657,99.391,99.742,99.543,98.308,99.657,99.742,99.056,99.695,99.391,97.595,,97.597,96.395,96.567,97.293,91.222,91.05,91.05,91.05,91.394,91.566,90.534,90.534,90.534,91.025,91.588,91.667,88.927,88.72,96.571,96.381,91.339,91.339,91.142,91.142,91.339
M_sp_28_1027_,55.425,59.037,88.64,88.64,88.468,88.468,88.64,88.468,97.856,97.852,98.625,97.94,97.77,99.087,97.854,99.24,96.45,97.77,97.856,98.113,99.088,99.088,98.197,97.597,,98.11,97.68,96.108,91.91,91.738,91.738,91.738,92.083,92.255,91.222,91.222,91.222,91.624,92.624,92.103,90.48,89.058,92.762,92.571,91.929,91.929,92.126,92.126,92.52
M_sp_10_1009,55.761,59.544,89.157,89.157,88.985,88.985,89.157,88.985,96.655,96.649,98.28,96.738,96.569,97.869,96.652,98.024,95.266,96.569,96.655,96.827,97.872,97.872,98.026,96.395,98.11,,98.368,95.347,93.115,92.943,92.943,92.943,93.287,93.46,92.427,92.427,92.427,92.132,93.482,93.047,90.909,89.818,91.985,91.429,92.717,92.717,92.52,92.52,92.913
M_sp_17_1016,55.239,59.306,88.985,88.985,88.812,88.812,88.985,88.812,96.824,96.821,98.291,96.907,96.738,97.869,96.824,98.021,95.431,96.738,96.824,96.824,97.869,97.869,97.682,96.567,97.68,98.368,,95.508,92.771,92.599,92.599,92.599,92.943,93.115,92.083,92.083,92.083,91.617,92.955,92.446,90.644,89.498,92,91.81,91.732,91.732,91.535,91.535,91.929
M_sp_08_1007,56.061,59.679,88.296,88.296,88.124,88.124,88.296,88.296,97.549,97.544,95.597,97.631,97.464,98.021,97.547,98.176,98.986,97.464,97.549,96.872,98.024,98.024,95.262,97.293,96.108,95.347,95.508,,91.738,91.566,91.566,91.566,91.91,92.083,91.05,91.05,91.05,92.978,90.533,90.355,87.912,89.193,99.81,99.619,91.339,91.339,91.142,91.142,91.339
M_brasiliense_CCDB_2135_KP054314,31.842,33.046,87.348,87.522,87.348,87.175,87.522,87.868,91.566,91.394,91.394,91.394,91.566,91.394,91.566,91.566,91.566,91.738,91.566,91.566,91.394,91.394,91.394,91.222,91.91,93.115,92.771,91.738,,99.827,99.133,98.787,97.92,98.094,97.574,97.92,97.92,91.222,90.017,90.189,90.706,87.952,0,0,0,0,0,0,0
M_brasiliense_CCDB6074_MN148912,32.014,33.563,87.263,87.435,87.608,87.435,87.78,87.78,91.394,91.222,91.222,91.222,91.394,91.222,91.394,91.394,91.394,91.566,91.394,91.394,91.222,91.222,91.222,91.05,91.738,92.943,92.599,91.566,99.827,,98.967,98.967,98.107,97.935,97.418,97.762,98.107,91.05,89.845,90.017,90.534,87.78,0,0,0,0,0,0,0
M_brasiliense_CCDB5023_MN148904,31.842,33.735,87.608,87.78,87.608,87.435,87.78,88.124,91.394,91.222,91.222,91.222,91.394,91.222,91.394,91.394,91.394,91.566,91.394,91.394,91.222,91.222,91.222,91.05,91.738,92.943,92.599,91.566,99.133,98.967,,99.312,98.451,98.623,98.107,98.107,98.107,91.05,89.845,90.017,90.534,87.78,0,0,0,0,0,0,0
M_brasiliense_CCDB5023_MN148903,31.842,33.391,87.435,87.608,87.78,87.608,87.608,87.952,91.394,91.222,91.222,91.222,91.394,91.222,91.394,91.394,91.394,91.566,91.394,91.394,91.222,91.222,91.222,91.05,91.738,92.943,92.599,91.566,98.787,98.967,99.312,,98.451,98.279,98.107,97.762,98.107,90.878,89.673,89.845,90.361,87.608,0,0,0,0,0,0,0
M_brasiliense_CCDB4814_MN148911,32.014,34.251,87.435,87.608,87.78,87.608,87.952,87.952,91.738,91.566,91.566,91.566,91.738,91.566,91.738,91.738,91.738,91.566,91.738,91.738,91.566,91.566,91.566,91.394,92.083,93.287,92.943,91.91,97.92,98.107,98.451,98.451,,99.828,97.59,97.59,97.935,91.566,90.361,90.534,91.05,87.952,0,0,0,0,0,0,0
M_brasiliense_CCDB4814_MN148909,32.014,34.251,87.608,87.78,87.608,87.435,87.78,88.124,91.91,91.738,91.738,91.738,91.91,91.738,91.91,91.91,91.91,91.738,91.91,91.91,91.738,91.738,91.738,91.566,92.255,93.46,93.115,92.083,98.094,97.935,98.623,98.279,99.828,,97.762,97.762,97.762,91.738,90.534,90.706,91.222,88.124,0,0,0,0,0,0,0
M_brasiliense_CCDB2298_MN148902,32.874,33.907,87.78,87.952,87.78,87.608,87.952,87.952,90.878,90.706,90.706,90.706,90.878,90.706,90.878,90.878,90.878,91.05,90.878,90.878,90.706,90.706,90.706,90.534,91.222,92.427,92.083,91.05,97.574,97.418,98.107,98.107,97.59,97.762,,99.656,99.312,91.222,90.017,89.845,90.534,87.78,0,0,0,0,0,0,0
M_brasiliense_CCDB2298_MN148901,32.874,33.907,87.78,87.952,87.78,87.608,87.952,87.952,90.878,90.706,90.706,90.706,90.878,90.706,90.878,90.878,90.878,91.05,90.878,90.878,90.706,90.706,90.706,90.534,91.222,92.427,92.083,91.05,97.92,97.762,98.107,97.762,97.59,97.762,99.656,,99.656,91.394,90.189,90.017,90.706,87.952,0,0,0,0,0,0,0
M_brasiliense_CCDB2298_MN148900,32.874,33.907,87.435,87.608,87.78,87.608,87.952,87.608,90.878,90.706,90.706,90.706,90.878,90.706,90.878,90.878,90.878,91.05,90.878,90.878,90.706,90.706,90.706,90.534,91.222,92.427,92.083,91.05,97.92,98.107,98.107,98.107,97.935,97.762,99.312,99.656,,91.05,89.845,89.673,90.361,87.608,0,0,0,0,0,0,0
M_sp_30_1029,55.677,58.868,89.673,89.673,89.501,89.501,89.845,89.673,91.124,91.109,91.787,91.201,91.04,93.151,91.117,93.313,92.561,91.04,91.124,91.04,93.161,93.161,91.864,91.025,91.624,92.132,91.617,92.978,91.222,91.05,91.05,90.878,91.566,91.738,91.222,91.394,91.05,,94.496,94.826,88.663,91.933,91.429,91.238,100,100,98.225,98.225,98.817
M_sp_21_1020_,54.836,57.77,90.361,90.361,90.189,90.189,90.534,90.017,91.852,91.674,92.79,91.767,91.767,91.324,91.845,91.489,90.533,91.767,91.852,91.938,91.337,91.337,92.955,91.588,92.624,93.482,92.955,90.533,90.017,89.845,89.845,89.673,90.361,90.534,90.017,90.189,89.845,94.496,,97.418,92.612,93.14,89.143,88.952,97.633,97.633,97.041,97.041,97.633
M_sp_20_1019_,54.545,57.735,89.845,89.845,89.673,90.017,90.017,89.845,91.674,91.502,92.446,91.588,91.588,91.172,91.674,91.324,90.355,91.588,91.674,91.845,91.172,91.172,92.691,91.667,92.103,93.047,92.446,90.355,90.189,90.017,90.017,89.845,90.534,90.706,89.845,90.017,89.673,94.826,97.418,,92.003,92.378,88.952,88.762,98.028,98.028,96.252,96.252,96.844
M_sp_19_1018,52.778,56.081,90.878,90.878,90.706,90.706,91.05,90.534,89.108,88.927,90.472,89.022,89.022,91.629,89.099,91.793,87.828,89.022,89.108,89.194,91.641,91.641,90.386,88.927,90.48,90.909,90.644,87.912,90.706,90.534,90.534,90.361,91.05,91.222,90.534,90.706,90.361,88.663,92.612,92.003,,93.76,82.667,82.476,84.252,84.252,84.449,84.449,85.01
M_sp_25_1024,31.202,34.551,90.189,90.189,90.017,90.017,90.361,89.845,88.906,88.737,88.737,88.754,88.906,88.737,88.889,88.906,88.906,88.754,88.906,88.906,89.041,88.754,88.737,88.72,89.058,89.818,89.498,89.193,87.952,87.78,87.78,87.608,87.952,88.124,87.78,87.952,87.608,91.933,93.14,92.378,93.76,,0,0,0,0,0,0,0
M_sp_05_1004_,86.857,90.769,0,0,0,0,0,0,96.571,96.381,92,96.571,96.381,0,96.571,0,99.81,96.571,96.571,95.048,0,0,91.619,96.571,92.762,91.985,92,99.81,0,0,0,0,0,0,0,0,0,91.429,89.143,88.952,82.667,0,,99.429,91.142,91.142,90.945,90.945,91.142
M_sp_07_1006,86.667,90.577,0,0,0,0,0,0,96.381,96.19,91.81,96.381,96.19,0,96.381,0,99.619,96.381,96.381,94.857,0,0,91.429,96.381,92.571,91.429,91.81,99.619,0,0,0,0,0,0,0,0,0,91.238,88.952,88.762,82.476,0,99.429,,90.945,90.945,90.748,90.748,90.945
M_sp_32_1031_,85.433,89.066,0,0,0,0,0,0,91.339,91.142,92.717,91.339,91.142,0,91.339,0,91.339,91.339,91.339,91.142,0,0,92.899,91.339,91.929,92.717,91.732,91.339,0,0,0,0,0,0,0,0,0,100,97.633,98.028,84.252,0,91.142,90.945,,100,98.225,98.225,98.817
M_sp_31_1030,85.433,89.066,0,0,0,0,0,0,91.339,91.142,92.717,91.339,91.142,0,91.339,0,91.339,91.339,91.339,91.142,0,0,92.899,91.339,91.929,92.717,91.732,91.339,0,0,0,0,0,0,0,0,0,100,97.633,98.028,84.252,0,91.142,90.945,100,,98.225,98.225,98.817
M_sp_12_1011,85.827,89.662,0,0,0,0,0,0,91.142,90.945,92.52,91.142,90.945,0,91.142,0,91.142,91.142,91.142,90.945,0,0,92.702,91.142,92.126,92.52,91.535,91.142,0,0,0,0,0,0,0,0,0,98.225,97.041,96.252,84.449,0,90.945,90.748,98.225,98.225,,100,98.619
M_sp_11_1010_,85.827,89.662,0,0,0,0,0,0,91.142,90.945,92.52,91.142,90.945,0,91.142,0,91.142,91.142,91.142,90.945,0,0,92.702,91.142,92.126,92.52,91.535,91.142,0,0,0,0,0,0,0,0,0,98.225,97.041,96.252,84.449,0,90.945,90.748,98.225,98.225,100,,98.619
M_sp_04_1003_,86.22,90.06,0,0,0,0,0,0,91.339,91.142,92.913,91.339,91.142,0,91.339,0,91.339,91.339,91.339,91.142,0,0,93.097,91.339,92.52,92.913,91.929,91.339,0,0,0,0,0,0,0,0,0,98.817,97.633,96.844,85.01,0,91.142,90.945,98.817,98.817,98.619,98.619,
